timestamp,text,sentiment,score,keyword
2026-02-04 23:46:10,"Just checking out #Python, seems okay.",Positive,0.2263,#Python
2026-02-04 23:46:12,I love usage of #Startup! It's amazing.,Positive,0.8516,#Startup
2026-02-04 23:46:14,#AI is failing hard today. Terrible performance.,Negative,-0.7783,#AI
2026-02-04 23:46:15,Why is #Python so popular? I don't get the hype.,Positive,0.5598,#Python
2026-02-04 23:46:16,I love usage of #Tech! It's amazing.,Positive,0.8516,#Tech
2026-02-04 23:46:19,Excited for the new #Startup update!,Positive,0.4003,#Startup
2026-02-04 23:46:22,#AI broken again. Please fix it.,Negative,-0.2023,#AI
2026-02-04 23:46:24,Why is #Tech so popular? I don't get the hype.,Positive,0.5598,#Tech
2026-02-04 23:46:26,Investing in #Crypto is the best decision I made.,Positive,0.6369,#Crypto
2026-02-04 23:46:28,I love usage of #Tech! It's amazing.,Positive,0.8516,#Tech
2026-02-04 23:46:30,"Just checking out #Python, seems okay.",Positive,0.2263,#Python
2026-02-04 23:46:32,#Crypto broken again. Please fix it.,Negative,-0.2023,#Crypto
2026-02-04 23:46:35,Excited for the new #AI update!,Positive,0.4003,#AI
2026-02-04 23:46:37,"Neutral opinion on #Startup, wait and see.",Neutral,0.0,#Startup
2026-02-04 23:46:40,I love usage of #Startup! It's amazing.,Positive,0.8516,#Startup
2026-02-04 23:46:42,#Python broken again. Please fix it.,Negative,-0.2023,#Python
2026-02-04 23:46:45,#Startup is failing hard today. Terrible performance.,Negative,-0.7783,#Startup
2026-02-04 23:46:47,"Neutral opinion on #Tech, wait and see.",Neutral,0.0,#Tech
2026-02-04 23:46:50,"Just checking out #AI, seems okay.",Positive,0.2263,#AI
2026-02-04 23:46:52,#Crypto is failing hard today. Terrible performance.,Negative,-0.7783,#Crypto
2026-02-04 23:46:55,"Just checking out #Python, seems okay.",Positive,0.2263,#Python
2026-02-04 23:46:57,"Just checking out #Tech, seems okay.",Positive,0.2263,#Tech
2026-02-04 23:47:00,"Just checking out #Tech, seems okay.",Positive,0.2263,#Tech
2026-02-04 23:47:02,Investing in #AI is the best decision I made.,Positive,0.6369,#AI
2026-02-04 23:47:03,#Tech broken again. Please fix it.,Negative,-0.2023,#Tech
2026-02-04 23:47:06,"Neutral opinion on #AI, wait and see.",Neutral,0.0,#AI
2026-02-04 23:47:07,Excited for the new #Tech update!,Positive,0.4003,#Tech
2026-02-04 23:47:10,#Startup is failing hard today. Terrible performance.,Negative,-0.7783,#Startup
2026-02-04 23:47:12,Excited for the new #Python update!,Positive,0.4003,#Python
2026-02-04 23:47:15,"Just checking out #Startup, seems okay.",Positive,0.2263,#Startup
2026-02-04 23:47:17,I love usage of #Python! It's amazing.,Positive,0.8516,#Python
2026-02-04 23:47:19,Excited for the new #AI update!,Positive,0.4003,#AI
2026-02-04 23:47:20,"Just checking out #Crypto, seems okay.",Positive,0.2263,#Crypto
2026-02-04 23:47:22,Investing in #AI is the best decision I made.,Positive,0.6369,#AI
2026-02-04 23:47:25,Excited for the new #Python update!,Positive,0.4003,#Python
2026-02-04 23:47:28,#AI broken again. Please fix it.,Negative,-0.2023,#AI
2026-02-04 23:47:29,Excited for the new #Startup update!,Positive,0.4003,#Startup
2026-02-04 23:47:31,"Just checking out #Python, seems okay.",Positive,0.2263,#Python
2026-02-04 23:47:32,Excited for the new #Python update!,Positive,0.4003,#Python
2026-02-04 23:47:34,Why is #Startup so popular? I don't get the hype.,Positive,0.5598,#Startup
2026-02-04 23:47:35,#AI broken again. Please fix it.,Negative,-0.2023,#AI
2026-02-04 23:47:37,#Python broken again. Please fix it.,Negative,-0.2023,#Python
2026-02-04 23:47:39,#Python is failing hard today. Terrible performance.,Negative,-0.7783,#Python
2026-02-04 23:47:41,Investing in #Startup is the best decision I made.,Positive,0.6369,#Startup
2026-02-04 23:47:43,#Startup is failing hard today. Terrible performance.,Negative,-0.7783,#Startup
2026-02-04 23:47:44,"Neutral opinion on #Python, wait and see.",Neutral,0.0,#Python
2026-02-04 23:47:46,Why is #AI so popular? I don't get the hype.,Positive,0.5598,#AI
2026-02-04 23:47:48,I love usage of #Crypto! It's amazing.,Positive,0.8516,#Crypto
2026-02-04 23:47:50,#AI broken again. Please fix it.,Negative,-0.2023,#AI
2026-02-04 23:47:52,Investing in #Python is the best decision I made.,Positive,0.6369,#Python
2026-02-04 23:47:53,Excited for the new #Python update!,Positive,0.4003,#Python
2026-02-04 23:47:54,#Python is failing hard today. Terrible performance.,Negative,-0.7783,#Python
2026-02-04 23:47:57,Investing in #Tech is the best decision I made.,Positive,0.6369,#Tech
2026-02-04 23:47:59,#AI is failing hard today. Terrible performance.,Negative,-0.7783,#AI
2026-02-04 23:48:02,Investing in #Crypto is the best decision I made.,Positive,0.6369,#Crypto
2026-02-04 23:48:04,"Neutral opinion on #AI, wait and see.",Neutral,0.0,#AI
2026-02-04 23:48:06,Investing in #Crypto is the best decision I made.,Positive,0.6369,#Crypto
2026-02-04 23:48:07,I love usage of #Python! It's amazing.,Positive,0.8516,#Python
2026-02-04 23:48:09,#Crypto is failing hard today. Terrible performance.,Negative,-0.7783,#Crypto
2026-02-04 23:48:10,"Just checking out #Startup, seems okay.",Positive,0.2263,#Startup
2026-02-04 23:48:12,Excited for the new #Crypto update!,Positive,0.4003,#Crypto
2026-02-04 23:48:13,#AI is failing hard today. Terrible performance.,Negative,-0.7783,#AI
2026-02-04 23:48:15,Excited for the new #Startup update!,Positive,0.4003,#Startup
2026-02-04 23:48:18,"Just checking out #Crypto, seems okay.",Positive,0.2263,#Crypto
2026-02-04 23:48:20,Investing in #Tech is the best decision I made.,Positive,0.6369,#Tech
2026-02-04 23:48:22,"Just checking out #Startup, seems okay.",Positive,0.2263,#Startup
2026-02-04 23:48:23,Excited for the new #AI update!,Positive,0.4003,#AI
2026-02-04 23:48:25,Investing in #Python is the best decision I made.,Positive,0.6369,#Python
2026-02-04 23:48:27,Why is #AI so popular? I don't get the hype.,Positive,0.5598,#AI
2026-02-04 23:48:30,"Just checking out #Startup, seems okay.",Positive,0.2263,#Startup
2026-02-04 23:48:33,Investing in #Crypto is the best decision I made.,Positive,0.6369,#Crypto
2026-02-04 23:48:34,Why is #AI so popular? I don't get the hype.,Positive,0.5598,#AI
2026-02-04 23:48:36,"Just checking out #AI, seems okay.",Positive,0.2263,#AI
2026-02-04 23:48:39,"Neutral opinion on #Python, wait and see.",Neutral,0.0,#Python
2026-02-04 23:48:41,I love usage of #AI! It's amazing.,Positive,0.8516,#AI
2026-02-04 23:48:42,Excited for the new #Python update!,Positive,0.4003,#Python
2026-02-04 23:48:44,Investing in #AI is the best decision I made.,Positive,0.6369,#AI
2026-02-04 23:48:46,#Startup is failing hard today. Terrible performance.,Negative,-0.7783,#Startup
2026-02-04 23:48:48,#Tech is failing hard today. Terrible performance.,Negative,-0.7783,#Tech
2026-02-04 23:48:49,"Neutral opinion on #AI, wait and see.",Neutral,0.0,#AI
2026-02-04 23:48:51,I love usage of #Python! It's amazing.,Positive,0.8516,#Python
2026-02-04 23:48:53,"Neutral opinion on #Tech, wait and see.",Neutral,0.0,#Tech
2026-02-04 23:48:56,"Just checking out #Crypto, seems okay.",Positive,0.2263,#Crypto
2026-02-04 23:48:58,"Just checking out #AI, seems okay.",Positive,0.2263,#AI
2026-02-04 23:49:01,Excited for the new #AI update!,Positive,0.4003,#AI
2026-02-04 23:49:03,"Neutral opinion on #AI, wait and see.",Neutral,0.0,#AI
2026-02-04 23:51:36,#AI is failing hard today. Terrible performance.,Negative,-0.7783,#AI
2026-02-04 23:51:39,"Neutral opinion on #Python, wait and see.",Neutral,0.0,#Python
2026-02-04 23:51:41,#Crypto is failing hard today. Terrible performance.,Negative,-0.7783,#Crypto
2026-02-04 23:51:43,#Tech is failing hard today. Terrible performance.,Negative,-0.7783,#Tech
2026-02-04 23:51:46,"Neutral opinion on #Crypto, wait and see.",Neutral,0.0,#Crypto
2026-02-04 23:51:49,Why is #Crypto so popular? I don't get the hype.,Positive,0.5598,#Crypto
2026-02-04 23:51:50,#Crypto broken again. Please fix it.,Negative,-0.2023,#Crypto
2026-02-04 23:51:53,#Startup broken again. Please fix it.,Negative,-0.2023,#Startup
2026-02-04 23:51:54,"Just checking out #Python, seems okay.",Positive,0.2263,#Python
2026-02-04 23:51:56,Excited for the new #Python update!,Positive,0.4003,#Python
2026-02-04 23:51:58,#Tech is failing hard today. Terrible performance.,Negative,-0.7783,#Tech
2026-02-04 23:52:00,#Tech is failing hard today. Terrible performance.,Negative,-0.7783,#Tech
2026-02-04 23:52:03,Why is #Tech so popular? I don't get the hype.,Positive,0.5598,#Tech
2026-02-04 23:52:05,Excited for the new #Crypto update!,Positive,0.4003,#Crypto
2026-02-04 23:52:06,"Just checking out #Crypto, seems okay.",Positive,0.2263,#Crypto
2026-02-04 23:52:07,Excited for the new #Python update!,Positive,0.4003,#Python
2026-02-04 23:52:10,Investing in #Python is the best decision I made.,Positive,0.6369,#Python
2026-02-04 23:52:13,I love usage of #Startup! It's amazing.,Positive,0.8516,#Startup
2026-02-04 23:52:14,#AI is failing hard today. Terrible performance.,Negative,-0.7783,#AI
2026-02-04 23:52:17,Investing in #Crypto is the best decision I made.,Positive,0.6369,#Crypto
2026-02-04 23:52:20,Excited for the new #Crypto update!,Positive,0.4003,#Crypto
2026-02-04 23:52:22,I love usage of #Crypto! It's amazing.,Positive,0.8516,#Crypto
2026-02-04 23:52:23,Excited for the new #Python update!,Positive,0.4003,#Python
2026-02-04 23:52:25,"Just checking out #AI, seems okay.",Positive,0.2263,#AI
2026-02-04 23:52:26,"Just checking out #Python, seems okay.",Positive,0.2263,#Python
2026-02-04 23:52:29,"Neutral opinion on #Tech, wait and see.",Neutral,0.0,#Tech
2026-02-04 23:52:31,I love usage of #AI! It's amazing.,Positive,0.8516,#AI
2026-02-04 23:52:34,#Tech broken again. Please fix it.,Negative,-0.2023,#Tech
2026-02-04 23:52:36,Excited for the new #Crypto update!,Positive,0.4003,#Crypto
2026-02-04 23:52:39,#Startup is failing hard today. Terrible performance.,Negative,-0.7783,#Startup
2026-02-04 23:52:41,Why is #Startup so popular? I don't get the hype.,Positive,0.5598,#Startup
2026-02-04 23:52:43,Why is #Startup so popular? I don't get the hype.,Positive,0.5598,#Startup
2026-02-04 23:52:44,"Just checking out #Python, seems okay.",Positive,0.2263,#Python
2026-02-04 23:52:46,#Tech is failing hard today. Terrible performance.,Negative,-0.7783,#Tech
2026-02-04 23:52:49,"Just checking out #AI, seems okay.",Positive,0.2263,#AI
2026-02-04 23:52:50,Why is #Tech so popular? I don't get the hype.,Positive,0.5598,#Tech
2026-02-04 23:52:52,#Python broken again. Please fix it.,Negative,-0.2023,#Python
2026-02-04 23:52:54,"Neutral opinion on #Tech, wait and see.",Neutral,0.0,#Tech
2026-02-04 23:52:56,I love usage of #Tech! It's amazing.,Positive,0.8516,#Tech
2026-02-04 23:52:59,Why is #Startup so popular? I don't get the hype.,Positive,0.5598,#Startup
2026-02-04 23:53:01,#Tech broken again. Please fix it.,Negative,-0.2023,#Tech
2026-02-04 23:53:02,Investing in #Tech is the best decision I made.,Positive,0.6369,#Tech
2026-02-04 23:53:05,#AI broken again. Please fix it.,Negative,-0.2023,#AI
2026-02-04 23:53:06,Why is #Python so popular? I don't get the hype.,Positive,0.5598,#Python
2026-02-04 23:53:08,"Neutral opinion on #AI, wait and see.",Neutral,0.0,#AI
2026-02-04 23:53:11,Why is #Python so popular? I don't get the hype.,Positive,0.5598,#Python
2026-02-04 23:53:12,"Just checking out #Crypto, seems okay.",Positive,0.2263,#Crypto
2026-02-04 23:53:15,Excited for the new #Startup update!,Positive,0.4003,#Startup
2026-02-04 23:53:17,I love usage of #Crypto! It's amazing.,Positive,0.8516,#Crypto
2026-02-04 23:53:19,#Python broken again. Please fix it.,Negative,-0.2023,#Python
2026-02-04 23:53:22,"Neutral opinion on #Crypto, wait and see.",Neutral,0.0,#Crypto
2026-02-04 23:53:23,Why is #Startup so popular? I don't get the hype.,Positive,0.5598,#Startup
2026-02-04 23:53:24,#Python broken again. Please fix it.,Negative,-0.2023,#Python
2026-02-04 23:53:27,"Neutral opinion on #AI, wait and see.",Neutral,0.0,#AI
2026-02-04 23:53:28,I love usage of #AI! It's amazing.,Positive,0.8516,#AI
2026-02-04 23:53:30,I love usage of #Startup! It's amazing.,Positive,0.8516,#Startup
2026-02-04 23:53:32,Why is #AI so popular? I don't get the hype.,Positive,0.5598,#AI
2026-02-04 23:53:34,Why is #Tech so popular? I don't get the hype.,Positive,0.5598,#Tech
2026-02-04 23:53:36,"Just checking out #Python, seems okay.",Positive,0.2263,#Python
2026-02-04 23:53:37,#AI broken again. Please fix it.,Negative,-0.2023,#AI
2026-02-04 23:53:39,Excited for the new #Tech update!,Positive,0.4003,#Tech
2026-02-04 23:53:42,#Tech broken again. Please fix it.,Negative,-0.2023,#Tech
2026-02-04 23:53:44,Investing in #Python is the best decision I made.,Positive,0.6369,#Python
2026-02-04 23:53:47,Why is #AI so popular? I don't get the hype.,Positive,0.5598,#AI
2026-02-04 23:53:48,Investing in #Startup is the best decision I made.,Positive,0.6369,#Startup
2026-02-04 23:53:50,Why is #AI so popular? I don't get the hype.,Positive,0.5598,#AI
2026-02-04 23:53:52,Investing in #Crypto is the best decision I made.,Positive,0.6369,#Crypto
2026-02-04 23:53:54,"Just checking out #Crypto, seems okay.",Positive,0.2263,#Crypto
2026-02-04 23:53:57,Why is #Startup so popular? I don't get the hype.,Positive,0.5598,#Startup
2026-02-04 23:54:00,Why is #AI so popular? I don't get the hype.,Positive,0.5598,#AI
2026-02-04 23:54:01,"Neutral opinion on #AI, wait and see.",Neutral,0.0,#AI
2026-02-04 23:54:03,Why is #AI so popular? I don't get the hype.,Positive,0.5598,#AI
2026-02-04 23:54:05,I love usage of #AI! It's amazing.,Positive,0.8516,#AI
2026-02-04 23:54:07,Investing in #AI is the best decision I made.,Positive,0.6369,#AI
2026-02-04 23:54:08,#Crypto is failing hard today. Terrible performance.,Negative,-0.7783,#Crypto
2026-02-04 23:54:10,#Python is failing hard today. Terrible performance.,Negative,-0.7783,#Python
2026-02-04 23:54:12,I love usage of #Crypto! It's amazing.,Positive,0.8516,#Crypto
2026-02-04 23:54:14,"Just checking out #Tech, seems okay.",Positive,0.2263,#Tech
2026-02-04 23:54:16,"Just checking out #AI, seems okay.",Positive,0.2263,#AI
2026-02-04 23:54:17,"Neutral opinion on #Python, wait and see.",Neutral,0.0,#Python
2026-02-04 23:54:19,I love usage of #Crypto! It's amazing.,Positive,0.8516,#Crypto
2026-02-04 23:54:21,"Just checking out #Crypto, seems okay.",Positive,0.2263,#Crypto
2026-02-04 23:54:23,I love usage of #Python! It's amazing.,Positive,0.8516,#Python
2026-02-04 23:54:24,Why is #AI so popular? I don't get the hype.,Positive,0.5598,#AI
2026-02-04 23:54:26,I love usage of #AI! It's amazing.,Positive,0.8516,#AI
2026-02-04 23:54:29,#Crypto broken again. Please fix it.,Negative,-0.2023,#Crypto
2026-02-04 23:54:31,I love usage of #Tech! It's amazing.,Positive,0.8516,#Tech
2026-02-04 23:54:33,Excited for the new #Tech update!,Positive,0.4003,#Tech
2026-02-04 23:54:34,#AI broken again. Please fix it.,Negative,-0.2023,#AI
2026-02-04 23:54:35,Excited for the new #Tech update!,Positive,0.4003,#Tech
2026-02-04 23:54:36,I love usage of #Crypto! It's amazing.,Positive,0.8516,#Crypto
2026-02-04 23:54:38,I love usage of #AI! It's amazing.,Positive,0.8516,#AI
2026-02-04 23:54:41,Investing in #Tech is the best decision I made.,Positive,0.6369,#Tech
2026-02-04 23:54:42,#Tech is failing hard today. Terrible performance.,Negative,-0.7783,#Tech
2026-02-04 23:54:45,"Neutral opinion on #Tech, wait and see.",Neutral,0.0,#Tech
2026-02-04 23:54:46,I love usage of #Tech! It's amazing.,Positive,0.8516,#Tech
2026-02-04 23:54:49,#Crypto is failing hard today. Terrible performance.,Negative,-0.7783,#Crypto
2026-02-04 23:54:51,#Tech is failing hard today. Terrible performance.,Negative,-0.7783,#Tech
2026-02-04 23:54:52,Investing in #Python is the best decision I made.,Positive,0.6369,#Python
2026-02-04 23:54:55,Why is #Python so popular? I don't get the hype.,Positive,0.5598,#Python
2026-02-04 23:54:58,"Just checking out #Python, seems okay.",Positive,0.2263,#Python
2026-02-04 23:55:00,Why is #AI so popular? I don't get the hype.,Positive,0.5598,#AI
2026-02-04 23:55:01,Investing in #AI is the best decision I made.,Positive,0.6369,#AI
2026-02-04 23:55:03,"Just checking out #Crypto, seems okay.",Positive,0.2263,#Crypto
2026-02-04 23:55:05,Why is #AI so popular? I don't get the hype.,Positive,0.5598,#AI
2026-02-04 23:55:06,#Startup is failing hard today. Terrible performance.,Negative,-0.7783,#Startup
2026-02-04 23:55:08,#AI is failing hard today. Terrible performance.,Negative,-0.7783,#AI
2026-02-04 23:55:09,#AI broken again. Please fix it.,Negative,-0.2023,#AI
2026-02-04 23:55:11,Investing in #Python is the best decision I made.,Positive,0.6369,#Python
2026-02-04 23:55:13,"Neutral opinion on #AI, wait and see.",Neutral,0.0,#AI
2026-02-04 23:55:15,"Just checking out #Tech, seems okay.",Positive,0.2263,#Tech
2026-02-04 23:55:17,#Python broken again. Please fix it.,Negative,-0.2023,#Python
2026-02-04 23:55:20,"Neutral opinion on #AI, wait and see.",Neutral,0.0,#AI
2026-02-04 23:55:22,#Startup broken again. Please fix it.,Negative,-0.2023,#Startup
2026-02-04 23:55:23,Excited for the new #Startup update!,Positive,0.4003,#Startup
2026-02-04 23:55:25,#Startup broken again. Please fix it.,Negative,-0.2023,#Startup
2026-02-04 23:55:28,Investing in #Tech is the best decision I made.,Positive,0.6369,#Tech
2026-02-04 23:55:29,"Just checking out #Python, seems okay.",Positive,0.2263,#Python
2026-02-04 23:55:31,Excited for the new #AI update!,Positive,0.4003,#AI
2026-02-04 23:55:32,I love usage of #Startup! It's amazing.,Positive,0.8516,#Startup
2026-02-04 23:55:33,"Neutral opinion on #AI, wait and see.",Neutral,0.0,#AI
2026-02-04 23:55:35,"Just checking out #AI, seems okay.",Positive,0.2263,#AI
2026-02-04 23:55:38,Investing in #Startup is the best decision I made.,Positive,0.6369,#Startup
2026-02-04 23:55:41,Why is #Python so popular? I don't get the hype.,Positive,0.5598,#Python
2026-02-04 23:55:42,Why is #AI so popular? I don't get the hype.,Positive,0.5598,#AI
2026-02-04 23:55:44,#Crypto is failing hard today. Terrible performance.,Negative,-0.7783,#Crypto
2026-02-04 23:55:46,#Tech broken again. Please fix it.,Negative,-0.2023,#Tech
2026-02-04 23:55:48,Excited for the new #Crypto update!,Positive,0.4003,#Crypto
2026-02-04 23:55:50,Why is #AI so popular? I don't get the hype.,Positive,0.5598,#AI
2026-02-04 23:55:52,Excited for the new #AI update!,Positive,0.4003,#AI
2026-02-04 23:55:54,Why is #Python so popular? I don't get the hype.,Positive,0.5598,#Python
2026-02-04 23:55:55,Why is #Tech so popular? I don't get the hype.,Positive,0.5598,#Tech
2026-02-04 23:55:57,#Python is failing hard today. Terrible performance.,Negative,-0.7783,#Python
2026-02-04 23:55:58,Excited for the new #Crypto update!,Positive,0.4003,#Crypto
2026-02-04 23:56:01,#Tech broken again. Please fix it.,Negative,-0.2023,#Tech
2026-02-04 23:56:02,#Crypto is failing hard today. Terrible performance.,Negative,-0.7783,#Crypto
2026-02-04 23:56:03,Investing in #Startup is the best decision I made.,Positive,0.6369,#Startup
2026-02-04 23:56:05,Why is #Startup so popular? I don't get the hype.,Positive,0.5598,#Startup
2026-02-04 23:56:08,"Just checking out #Startup, seems okay.",Positive,0.2263,#Startup
2026-02-04 23:56:10,#Python broken again. Please fix it.,Negative,-0.2023,#Python
2026-02-04 23:56:12,Investing in #Python is the best decision I made.,Positive,0.6369,#Python
2026-02-04 23:56:14,Why is #Tech so popular? I don't get the hype.,Positive,0.5598,#Tech
2026-02-04 23:56:17,"Neutral opinion on #Startup, wait and see.",Neutral,0.0,#Startup
2026-02-04 23:56:19,I love usage of #Python! It's amazing.,Positive,0.8516,#Python
2026-02-04 23:56:22,Why is #Startup so popular? I don't get the hype.,Positive,0.5598,#Startup
2026-02-04 23:56:24,Investing in #AI is the best decision I made.,Positive,0.6369,#AI
2026-02-04 23:56:26,"Neutral opinion on #Tech, wait and see.",Neutral,0.0,#Tech
2026-02-04 23:56:28,#Crypto is failing hard today. Terrible performance.,Negative,-0.7783,#Crypto
2026-02-04 23:56:30,Why is #Startup so popular? I don't get the hype.,Positive,0.5598,#Startup
2026-02-04 23:56:31,Why is #Crypto so popular? I don't get the hype.,Positive,0.5598,#Crypto
2026-02-04 23:56:34,Why is #Startup so popular? I don't get the hype.,Positive,0.5598,#Startup
2026-02-04 23:56:36,"Just checking out #Python, seems okay.",Positive,0.2263,#Python
2026-02-04 23:56:38,"Just checking out #Tech, seems okay.",Positive,0.2263,#Tech
2026-02-04 23:56:40,Excited for the new #Startup update!,Positive,0.4003,#Startup
2026-02-04 23:56:43,"Neutral opinion on #Tech, wait and see.",Neutral,0.0,#Tech
2026-02-04 23:56:45,#Crypto is failing hard today. Terrible performance.,Negative,-0.7783,#Crypto
2026-02-04 23:56:46,I love usage of #Tech! It's amazing.,Positive,0.8516,#Tech
2026-02-04 23:56:49,Why is #Crypto so popular? I don't get the hype.,Positive,0.5598,#Crypto
2026-02-04 23:56:51,Investing in #Tech is the best decision I made.,Positive,0.6369,#Tech
2026-02-04 23:56:53,Why is #Startup so popular? I don't get the hype.,Positive,0.5598,#Startup
2026-02-04 23:56:56,Excited for the new #Python update!,Positive,0.4003,#Python
2026-02-04 23:56:58,"Neutral opinion on #Crypto, wait and see.",Neutral,0.0,#Crypto
2026-02-04 23:57:01,"Neutral opinion on #Startup, wait and see.",Neutral,0.0,#Startup
2026-02-04 23:57:04,I love usage of #Python! It's amazing.,Positive,0.8516,#Python
2026-02-04 23:57:05,Investing in #Crypto is the best decision I made.,Positive,0.6369,#Crypto
2026-02-04 23:57:08,Why is #Crypto so popular? I don't get the hype.,Positive,0.5598,#Crypto
2026-02-04 23:57:10,"Neutral opinion on #Python, wait and see.",Neutral,0.0,#Python
2026-02-04 23:57:12,Why is #Python so popular? I don't get the hype.,Positive,0.5598,#Python
2026-02-04 23:57:15,#AI broken again. Please fix it.,Negative,-0.2023,#AI
2026-02-04 23:57:17,#Startup broken again. Please fix it.,Negative,-0.2023,#Startup
2026-02-04 23:57:19,Excited for the new #Crypto update!,Positive,0.4003,#Crypto
2026-02-04 23:57:21,"Just checking out #AI, seems okay.",Positive,0.2263,#AI
2026-02-04 23:57:22,#Crypto broken again. Please fix it.,Negative,-0.2023,#Crypto
2026-02-04 23:57:25,#AI broken again. Please fix it.,Negative,-0.2023,#AI
2026-02-04 23:57:26,Why is #Tech so popular? I don't get the hype.,Positive,0.5598,#Tech
2026-02-04 23:57:28,Investing in #Tech is the best decision I made.,Positive,0.6369,#Tech
2026-02-04 23:57:29,#Tech is failing hard today. Terrible performance.,Negative,-0.7783,#Tech
2026-02-04 23:57:32,#Python is failing hard today. Terrible performance.,Negative,-0.7783,#Python
2026-02-04 23:57:35,"Just checking out #Startup, seems okay.",Positive,0.2263,#Startup
2026-02-04 23:57:38,Investing in #Python is the best decision I made.,Positive,0.6369,#Python
2026-02-04 23:57:40,#Startup is failing hard today. Terrible performance.,Negative,-0.7783,#Startup
2026-02-04 23:57:43,#Python broken again. Please fix it.,Negative,-0.2023,#Python
2026-02-04 23:57:46,#Tech is failing hard today. Terrible performance.,Negative,-0.7783,#Tech
2026-02-04 23:57:49,"Neutral opinion on #Tech, wait and see.",Neutral,0.0,#Tech
2026-02-04 23:57:50,#Tech is failing hard today. Terrible performance.,Negative,-0.7783,#Tech
2026-02-04 23:57:51,Investing in #Startup is the best decision I made.,Positive,0.6369,#Startup
2026-02-04 23:57:52,Investing in #Tech is the best decision I made.,Positive,0.6369,#Tech
2026-02-04 23:57:54,Investing in #Tech is the best decision I made.,Positive,0.6369,#Tech
2026-02-04 23:57:55,Why is #Python so popular? I don't get the hype.,Positive,0.5598,#Python
2026-02-04 23:57:58,"Just checking out #Crypto, seems okay.",Positive,0.2263,#Crypto
2026-02-04 23:58:00,I love usage of #Startup! It's amazing.,Positive,0.8516,#Startup
2026-02-04 23:58:02,Investing in #Startup is the best decision I made.,Positive,0.6369,#Startup
2026-02-04 23:58:05,"Just checking out #Crypto, seems okay.",Positive,0.2263,#Crypto
2026-02-04 23:58:06,Why is #Crypto so popular? I don't get the hype.,Positive,0.5598,#Crypto
2026-02-04 23:58:08,#Python is failing hard today. Terrible performance.,Negative,-0.7783,#Python
2026-02-04 23:58:10,I love usage of #Crypto! It's amazing.,Positive,0.8516,#Crypto
2026-02-04 23:58:12,Investing in #Tech is the best decision I made.,Positive,0.6369,#Tech
2026-02-04 23:58:15,Investing in #Tech is the best decision I made.,Positive,0.6369,#Tech
2026-02-04 23:58:18,"Just checking out #Crypto, seems okay.",Positive,0.2263,#Crypto
2026-02-04 23:58:19,Investing in #Startup is the best decision I made.,Positive,0.6369,#Startup
2026-02-04 23:58:21,"Just checking out #Tech, seems okay.",Positive,0.2263,#Tech
2026-02-04 23:58:22,"Just checking out #AI, seems okay.",Positive,0.2263,#AI
2026-02-04 23:58:23,"Neutral opinion on #Python, wait and see.",Neutral,0.0,#Python
2026-02-04 23:58:25,"Just checking out #Python, seems okay.",Positive,0.2263,#Python
2026-02-04 23:58:27,Why is #Crypto so popular? I don't get the hype.,Positive,0.5598,#Crypto
2026-02-04 23:58:29,#Tech is failing hard today. Terrible performance.,Negative,-0.7783,#Tech
2026-02-04 23:58:32,Investing in #Startup is the best decision I made.,Positive,0.6369,#Startup
2026-02-04 23:58:35,Excited for the new #Tech update!,Positive,0.4003,#Tech
2026-02-04 23:58:36,I love usage of #AI! It's amazing.,Positive,0.8516,#AI
2026-02-04 23:58:39,#Crypto is failing hard today. Terrible performance.,Negative,-0.7783,#Crypto
2026-02-04 23:58:40,#Tech is failing hard today. Terrible performance.,Negative,-0.7783,#Tech
2026-02-04 23:58:42,"Just checking out #Startup, seems okay.",Positive,0.2263,#Startup
2026-02-04 23:58:44,"Just checking out #Crypto, seems okay.",Positive,0.2263,#Crypto
2026-02-04 23:58:46,#Crypto broken again. Please fix it.,Negative,-0.2023,#Crypto
2026-02-04 23:58:48,Why is #Crypto so popular? I don't get the hype.,Positive,0.5598,#Crypto
2026-02-04 23:58:49,#Startup broken again. Please fix it.,Negative,-0.2023,#Startup
2026-02-04 23:58:51,"Just checking out #Startup, seems okay.",Positive,0.2263,#Startup
2026-02-04 23:58:54,Excited for the new #Tech update!,Positive,0.4003,#Tech
2026-02-04 23:58:56,"Neutral opinion on #AI, wait and see.",Neutral,0.0,#AI
2026-02-04 23:58:58,Excited for the new #Startup update!,Positive,0.4003,#Startup
2026-02-04 23:59:01,"Just checking out #Crypto, seems okay.",Positive,0.2263,#Crypto
2026-02-04 23:59:04,Excited for the new #Crypto update!,Positive,0.4003,#Crypto
2026-02-04 23:59:05,Excited for the new #AI update!,Positive,0.4003,#AI
2026-02-04 23:59:08,Why is #Python so popular? I don't get the hype.,Positive,0.5598,#Python
2026-02-04 23:59:09,#Startup is failing hard today. Terrible performance.,Negative,-0.7783,#Startup
2026-02-04 23:59:11,#Python broken again. Please fix it.,Negative,-0.2023,#Python
2026-02-04 23:59:14,Investing in #Python is the best decision I made.,Positive,0.6369,#Python
2026-02-04 23:59:15,I love usage of #Crypto! It's amazing.,Positive,0.8516,#Crypto
2026-02-04 23:59:17,Investing in #AI is the best decision I made.,Positive,0.6369,#AI
2026-02-04 23:59:19,#Crypto is failing hard today. Terrible performance.,Negative,-0.7783,#Crypto
2026-02-04 23:59:20,"Just checking out #Tech, seems okay.",Positive,0.2263,#Tech
2026-02-04 23:59:21,"Just checking out #Startup, seems okay.",Positive,0.2263,#Startup
2026-02-04 23:59:22,"Neutral opinion on #Python, wait and see.",Neutral,0.0,#Python
2026-02-04 23:59:25,#AI broken again. Please fix it.,Negative,-0.2023,#AI
2026-02-04 23:59:27,#Tech is failing hard today. Terrible performance.,Negative,-0.7783,#Tech
2026-02-04 23:59:28,Investing in #AI is the best decision I made.,Positive,0.6369,#AI
2026-02-04 23:59:30,"Neutral opinion on #Tech, wait and see.",Neutral,0.0,#Tech
2026-02-04 23:59:31,I love usage of #Startup! It's amazing.,Positive,0.8516,#Startup
2026-02-04 23:59:32,#AI broken again. Please fix it.,Negative,-0.2023,#AI
2026-02-04 23:59:34,I love usage of #Startup! It's amazing.,Positive,0.8516,#Startup
2026-02-04 23:59:37,#AI is failing hard today. Terrible performance.,Negative,-0.7783,#AI
2026-02-04 23:59:39,Investing in #Startup is the best decision I made.,Positive,0.6369,#Startup
2026-02-04 23:59:41,"Neutral opinion on #Startup, wait and see.",Neutral,0.0,#Startup
2026-02-04 23:59:43,#AI is failing hard today. Terrible performance.,Negative,-0.7783,#AI
2026-02-04 23:59:44,Excited for the new #Crypto update!,Positive,0.4003,#Crypto
2026-02-04 23:59:46,Why is #Crypto so popular? I don't get the hype.,Positive,0.5598,#Crypto
2026-02-04 23:59:47,I love usage of #Tech! It's amazing.,Positive,0.8516,#Tech
2026-02-04 23:59:49,#Tech is failing hard today. Terrible performance.,Negative,-0.7783,#Tech
2026-02-04 23:59:50,#AI is failing hard today. Terrible performance.,Negative,-0.7783,#AI
2026-02-04 23:59:51,Why is #Python so popular? I don't get the hype.,Positive,0.5598,#Python
2026-02-04 23:59:53,#Startup broken again. Please fix it.,Negative,-0.2023,#Startup
2026-02-04 23:59:56,#Python broken again. Please fix it.,Negative,-0.2023,#Python
2026-02-04 23:59:57,I love usage of #Crypto! It's amazing.,Positive,0.8516,#Crypto
2026-02-04 23:59:59,#Crypto broken again. Please fix it.,Negative,-0.2023,#Crypto
2026-02-05 00:00:01,Excited for the new #Startup update!,Positive,0.4003,#Startup
2026-02-05 00:00:02,#AI broken again. Please fix it.,Negative,-0.2023,#AI
2026-02-05 00:00:04,#AI broken again. Please fix it.,Negative,-0.2023,#AI
2026-02-05 00:00:07,Excited for the new #AI update!,Positive,0.4003,#AI
2026-02-05 00:00:08,"Neutral opinion on #Python, wait and see.",Neutral,0.0,#Python
2026-02-05 00:00:11,#Python broken again. Please fix it.,Negative,-0.2023,#Python
2026-02-05 00:00:13,Why is #Python so popular? I don't get the hype.,Positive,0.5598,#Python
2026-02-05 00:00:15,Excited for the new #Startup update!,Positive,0.4003,#Startup
2026-02-05 00:00:16,#Startup is failing hard today. Terrible performance.,Negative,-0.7783,#Startup
2026-02-05 00:00:18,"Just checking out #Tech, seems okay.",Positive,0.2263,#Tech
2026-02-05 00:00:19,#Tech is failing hard today. Terrible performance.,Negative,-0.7783,#Tech
2026-02-05 00:00:22,"Just checking out #AI, seems okay.",Positive,0.2263,#AI
2026-02-05 00:00:25,"Just checking out #Crypto, seems okay.",Positive,0.2263,#Crypto
2026-02-05 00:00:26,I love usage of #Crypto! It's amazing.,Positive,0.8516,#Crypto
2026-02-05 00:00:29,Excited for the new #AI update!,Positive,0.4003,#AI
2026-02-05 00:00:32,"Just checking out #Startup, seems okay.",Positive,0.2263,#Startup
2026-02-05 00:00:34,#Crypto broken again. Please fix it.,Negative,-0.2023,#Crypto
2026-02-05 00:00:36,Investing in #AI is the best decision I made.,Positive,0.6369,#AI
2026-02-05 00:00:38,Why is #Startup so popular? I don't get the hype.,Positive,0.5598,#Startup
2026-02-05 00:00:40,Investing in #Python is the best decision I made.,Positive,0.6369,#Python
2026-02-05 00:00:41,I love usage of #AI! It's amazing.,Positive,0.8516,#AI
2026-02-05 00:00:43,#Startup broken again. Please fix it.,Negative,-0.2023,#Startup
2026-02-05 00:00:45,I love usage of #Tech! It's amazing.,Positive,0.8516,#Tech
2026-02-05 00:00:47,Investing in #Startup is the best decision I made.,Positive,0.6369,#Startup
2026-02-05 00:00:49,Excited for the new #Tech update!,Positive,0.4003,#Tech
2026-02-05 00:00:51,"Just checking out #AI, seems okay.",Positive,0.2263,#AI
2026-02-05 00:00:52,I love usage of #Startup! It's amazing.,Positive,0.8516,#Startup
2026-02-05 00:00:55,#Startup broken again. Please fix it.,Negative,-0.2023,#Startup
2026-02-05 00:00:56,Excited for the new #AI update!,Positive,0.4003,#AI
2026-02-05 00:00:59,Why is #AI so popular? I don't get the hype.,Positive,0.5598,#AI
2026-02-05 00:01:02,#Tech broken again. Please fix it.,Negative,-0.2023,#Tech
2026-02-05 00:01:04,"Just checking out #Python, seems okay.",Positive,0.2263,#Python
2026-02-05 00:01:05,I love usage of #AI! It's amazing.,Positive,0.8516,#AI
2026-02-05 00:01:06,"Just checking out #AI, seems okay.",Positive,0.2263,#AI
2026-02-05 00:01:09,Excited for the new #Tech update!,Positive,0.4003,#Tech
2026-02-05 00:01:11,Excited for the new #AI update!,Positive,0.4003,#AI
2026-02-05 00:01:14,I love usage of #Startup! It's amazing.,Positive,0.8516,#Startup
2026-02-05 00:01:16,#Tech broken again. Please fix it.,Negative,-0.2023,#Tech
2026-02-05 00:01:18,Investing in #Startup is the best decision I made.,Positive,0.6369,#Startup
2026-02-05 00:01:19,"Just checking out #Crypto, seems okay.",Positive,0.2263,#Crypto
2026-02-05 00:01:22,#Python is failing hard today. Terrible performance.,Negative,-0.7783,#Python
2026-02-05 00:01:25,#Crypto broken again. Please fix it.,Negative,-0.2023,#Crypto
2026-02-05 00:01:26,Excited for the new #AI update!,Positive,0.4003,#AI
2026-02-05 00:01:28,#AI is failing hard today. Terrible performance.,Negative,-0.7783,#AI
2026-02-05 00:01:29,I love usage of #Startup! It's amazing.,Positive,0.8516,#Startup
2026-02-05 00:01:31,#Python is failing hard today. Terrible performance.,Negative,-0.7783,#Python
2026-02-05 00:01:33,Excited for the new #Crypto update!,Positive,0.4003,#Crypto
2026-02-05 00:01:35,"Neutral opinion on #Tech, wait and see.",Neutral,0.0,#Tech
2026-02-05 00:01:36,"Just checking out #Crypto, seems okay.",Positive,0.2263,#Crypto
2026-02-05 00:01:39,#Crypto broken again. Please fix it.,Negative,-0.2023,#Crypto
2026-02-05 00:01:42,Excited for the new #Tech update!,Positive,0.4003,#Tech
2026-02-05 00:01:44,#Tech broken again. Please fix it.,Negative,-0.2023,#Tech
2026-02-05 00:01:47,"Neutral opinion on #AI, wait and see.",Neutral,0.0,#AI
2026-02-05 00:01:48,#AI is failing hard today. Terrible performance.,Negative,-0.7783,#AI
2026-02-05 00:01:50,#AI is failing hard today. Terrible performance.,Negative,-0.7783,#AI
2026-02-05 00:01:52,Excited for the new #Python update!,Positive,0.4003,#Python
2026-02-05 00:01:54,#AI is failing hard today. Terrible performance.,Negative,-0.7783,#AI
2026-02-05 00:01:57,#Startup broken again. Please fix it.,Negative,-0.2023,#Startup
2026-02-05 00:01:59,"Just checking out #Tech, seems okay.",Positive,0.2263,#Tech
2026-02-05 00:02:01,Investing in #Startup is the best decision I made.,Positive,0.6369,#Startup
2026-02-05 00:02:02,Excited for the new #Python update!,Positive,0.4003,#Python
2026-02-05 00:02:05,#Startup broken again. Please fix it.,Negative,-0.2023,#Startup
2026-02-05 00:02:07,Why is #AI so popular? I don't get the hype.,Positive,0.5598,#AI
2026-02-05 00:02:09,"Just checking out #Python, seems okay.",Positive,0.2263,#Python
2026-02-05 00:02:11,Investing in #AI is the best decision I made.,Positive,0.6369,#AI
2026-02-05 00:02:12,Why is #AI so popular? I don't get the hype.,Positive,0.5598,#AI
2026-02-05 00:02:14,Why is #AI so popular? I don't get the hype.,Positive,0.5598,#AI
2026-02-05 00:02:16,I love usage of #AI! It's amazing.,Positive,0.8516,#AI
2026-02-05 00:02:17,#Crypto broken again. Please fix it.,Negative,-0.2023,#Crypto
2026-02-05 00:02:20,#Startup is failing hard today. Terrible performance.,Negative,-0.7783,#Startup
2026-02-05 00:02:22,#Python broken again. Please fix it.,Negative,-0.2023,#Python
2026-02-05 00:02:25,#Python is failing hard today. Terrible performance.,Negative,-0.7783,#Python
2026-02-05 00:02:27,Why is #Tech so popular? I don't get the hype.,Positive,0.5598,#Tech
2026-02-05 00:02:29,Why is #Startup so popular? I don't get the hype.,Positive,0.5598,#Startup
2026-02-05 00:02:31,"Neutral opinion on #Python, wait and see.",Neutral,0.0,#Python
2026-02-05 00:02:33,"Neutral opinion on #Crypto, wait and see.",Neutral,0.0,#Crypto
2026-02-05 00:02:35,"Neutral opinion on #Startup, wait and see.",Neutral,0.0,#Startup
2026-02-05 00:02:36,"Just checking out #AI, seems okay.",Positive,0.2263,#AI
2026-02-05 00:02:39,"Just checking out #Startup, seems okay.",Positive,0.2263,#Startup
2026-02-05 00:02:41,I love usage of #Startup! It's amazing.,Positive,0.8516,#Startup
2026-02-05 00:02:43,Excited for the new #Startup update!,Positive,0.4003,#Startup
2026-02-05 00:02:45,#Tech is failing hard today. Terrible performance.,Negative,-0.7783,#Tech
2026-02-05 00:02:46,"Just checking out #AI, seems okay.",Positive,0.2263,#AI
2026-02-05 00:02:47,#Startup broken again. Please fix it.,Negative,-0.2023,#Startup
2026-02-05 00:02:50,#Tech is failing hard today. Terrible performance.,Negative,-0.7783,#Tech
2026-02-05 00:02:52,#Crypto is failing hard today. Terrible performance.,Negative,-0.7783,#Crypto
2026-02-05 00:02:53,#AI is failing hard today. Terrible performance.,Negative,-0.7783,#AI
2026-02-05 00:02:55,"Neutral opinion on #Python, wait and see.",Neutral,0.0,#Python
2026-02-05 00:02:58,#Tech broken again. Please fix it.,Negative,-0.2023,#Tech
2026-02-05 00:03:01,Excited for the new #Startup update!,Positive,0.4003,#Startup
2026-02-05 00:03:04,"Just checking out #Tech, seems okay.",Positive,0.2263,#Tech
2026-02-05 00:03:06,Why is #Crypto so popular? I don't get the hype.,Positive,0.5598,#Crypto
2026-02-05 00:03:08,Excited for the new #Startup update!,Positive,0.4003,#Startup
2026-02-05 00:03:10,Investing in #Startup is the best decision I made.,Positive,0.6369,#Startup
2026-02-05 00:03:12,"Neutral opinion on #Startup, wait and see.",Neutral,0.0,#Startup
2026-02-05 00:03:14,I love usage of #Crypto! It's amazing.,Positive,0.8516,#Crypto
2026-02-05 00:03:15,I love usage of #Tech! It's amazing.,Positive,0.8516,#Tech
2026-02-05 00:03:18,Investing in #AI is the best decision I made.,Positive,0.6369,#AI
2026-02-05 00:03:20,Excited for the new #Crypto update!,Positive,0.4003,#Crypto
2026-02-05 00:03:21,Investing in #AI is the best decision I made.,Positive,0.6369,#AI
2026-02-05 00:03:23,I love usage of #Tech! It's amazing.,Positive,0.8516,#Tech
2026-02-05 00:03:24,Excited for the new #Startup update!,Positive,0.4003,#Startup
2026-02-05 00:03:25,Excited for the new #Crypto update!,Positive,0.4003,#Crypto
2026-02-05 00:03:27,#Python is failing hard today. Terrible performance.,Negative,-0.7783,#Python
2026-02-05 00:03:29,Why is #AI so popular? I don't get the hype.,Positive,0.5598,#AI
2026-02-05 00:03:30,#Crypto broken again. Please fix it.,Negative,-0.2023,#Crypto
2026-02-05 00:03:32,"Just checking out #AI, seems okay.",Positive,0.2263,#AI
2026-02-05 00:03:35,#Startup is failing hard today. Terrible performance.,Negative,-0.7783,#Startup
2026-02-05 00:03:38,#AI broken again. Please fix it.,Negative,-0.2023,#AI
2026-02-05 00:03:39,Investing in #Crypto is the best decision I made.,Positive,0.6369,#Crypto
2026-02-05 00:03:40,#Tech broken again. Please fix it.,Negative,-0.2023,#Tech
2026-02-05 00:03:43,Investing in #Tech is the best decision I made.,Positive,0.6369,#Tech
2026-02-05 00:03:44,"Neutral opinion on #Python, wait and see.",Neutral,0.0,#Python
2026-02-05 00:03:46,#Python is failing hard today. Terrible performance.,Negative,-0.7783,#Python
2026-02-05 00:03:49,#Python broken again. Please fix it.,Negative,-0.2023,#Python
2026-02-05 00:03:51,Why is #Python so popular? I don't get the hype.,Positive,0.5598,#Python
2026-02-05 00:03:53,"Just checking out #Python, seems okay.",Positive,0.2263,#Python
2026-02-05 00:03:54,Excited for the new #Tech update!,Positive,0.4003,#Tech
2026-02-05 00:03:57,Investing in #AI is the best decision I made.,Positive,0.6369,#AI
2026-02-05 00:03:59,Excited for the new #Startup update!,Positive,0.4003,#Startup
2026-02-05 00:04:00,"Just checking out #Startup, seems okay.",Positive,0.2263,#Startup
2026-02-05 00:04:01,"Neutral opinion on #Crypto, wait and see.",Neutral,0.0,#Crypto
2026-02-05 00:04:03,"Neutral opinion on #Tech, wait and see.",Neutral,0.0,#Tech
2026-02-05 00:04:05,Excited for the new #Python update!,Positive,0.4003,#Python
2026-02-05 00:04:08,"Neutral opinion on #Startup, wait and see.",Neutral,0.0,#Startup
2026-02-05 00:04:10,"Just checking out #Startup, seems okay.",Positive,0.2263,#Startup
2026-02-05 00:04:13,#Crypto is failing hard today. Terrible performance.,Negative,-0.7783,#Crypto
2026-02-05 00:04:16,I love usage of #Crypto! It's amazing.,Positive,0.8516,#Crypto
2026-02-05 00:04:18,#Startup broken again. Please fix it.,Negative,-0.2023,#Startup
2026-02-05 00:04:20,"Neutral opinion on #Python, wait and see.",Neutral,0.0,#Python
2026-02-05 00:04:22,Investing in #AI is the best decision I made.,Positive,0.6369,#AI
2026-02-05 00:04:25,"Just checking out #Tech, seems okay.",Positive,0.2263,#Tech
2026-02-05 00:04:27,Investing in #Python is the best decision I made.,Positive,0.6369,#Python
2026-02-05 00:04:29,"Neutral opinion on #Python, wait and see.",Neutral,0.0,#Python
2026-02-05 00:04:30,I love usage of #Python! It's amazing.,Positive,0.8516,#Python
2026-02-05 00:04:32,#Crypto is failing hard today. Terrible performance.,Negative,-0.7783,#Crypto
2026-02-05 00:04:33,#Startup broken again. Please fix it.,Negative,-0.2023,#Startup
2026-02-05 00:04:34,I love usage of #Startup! It's amazing.,Positive,0.8516,#Startup
2026-02-05 00:04:37,Investing in #Python is the best decision I made.,Positive,0.6369,#Python
2026-02-05 00:04:38,Excited for the new #Tech update!,Positive,0.4003,#Tech
2026-02-05 00:04:41,Investing in #AI is the best decision I made.,Positive,0.6369,#AI
2026-02-05 00:04:42,"Neutral opinion on #AI, wait and see.",Neutral,0.0,#AI
2026-02-05 00:04:43,Investing in #Crypto is the best decision I made.,Positive,0.6369,#Crypto
2026-02-05 00:04:46,#Tech broken again. Please fix it.,Negative,-0.2023,#Tech
2026-02-05 00:04:47,Excited for the new #Crypto update!,Positive,0.4003,#Crypto
2026-02-05 00:04:50,"Just checking out #Tech, seems okay.",Positive,0.2263,#Tech
2026-02-05 00:04:53,#Python is failing hard today. Terrible performance.,Negative,-0.7783,#Python
2026-02-05 00:04:54,#Crypto broken again. Please fix it.,Negative,-0.2023,#Crypto
2026-02-05 00:04:57,#Startup broken again. Please fix it.,Negative,-0.2023,#Startup
2026-02-05 00:04:59,Investing in #AI is the best decision I made.,Positive,0.6369,#AI
2026-02-05 00:05:02,Excited for the new #Tech update!,Positive,0.4003,#Tech
2026-02-05 00:05:04,#Python is failing hard today. Terrible performance.,Negative,-0.7783,#Python
2026-02-05 00:05:07,#Python broken again. Please fix it.,Negative,-0.2023,#Python
2026-02-05 00:05:08,"Just checking out #AI, seems okay.",Positive,0.2263,#AI
2026-02-05 00:05:09,#Crypto is failing hard today. Terrible performance.,Negative,-0.7783,#Crypto
2026-02-05 00:05:11,Excited for the new #Python update!,Positive,0.4003,#Python
2026-02-05 00:05:14,I love usage of #Tech! It's amazing.,Positive,0.8516,#Tech
2026-02-05 00:05:15,#AI broken again. Please fix it.,Negative,-0.2023,#AI
2026-02-05 00:05:17,"Neutral opinion on #Startup, wait and see.",Neutral,0.0,#Startup
2026-02-05 00:05:19,"Just checking out #Tech, seems okay.",Positive,0.2263,#Tech
2026-02-05 00:05:22,Investing in #Tech is the best decision I made.,Positive,0.6369,#Tech
2026-02-05 00:05:24,Why is #AI so popular? I don't get the hype.,Positive,0.5598,#AI
2026-02-05 00:05:26,Excited for the new #Tech update!,Positive,0.4003,#Tech
2026-02-05 00:05:28,I love usage of #Tech! It's amazing.,Positive,0.8516,#Tech
2026-02-05 00:05:30,Why is #Crypto so popular? I don't get the hype.,Positive,0.5598,#Crypto
2026-02-05 00:05:32,Why is #Python so popular? I don't get the hype.,Positive,0.5598,#Python
2026-02-05 00:05:34,Investing in #Startup is the best decision I made.,Positive,0.6369,#Startup
2026-02-05 00:05:35,Investing in #Python is the best decision I made.,Positive,0.6369,#Python
2026-02-05 00:05:38,Excited for the new #Crypto update!,Positive,0.4003,#Crypto
2026-02-05 00:05:40,Why is #AI so popular? I don't get the hype.,Positive,0.5598,#AI
2026-02-05 00:05:42,Investing in #Tech is the best decision I made.,Positive,0.6369,#Tech
2026-02-05 00:05:43,"Just checking out #Crypto, seems okay.",Positive,0.2263,#Crypto
2026-02-05 00:05:46,Why is #Startup so popular? I don't get the hype.,Positive,0.5598,#Startup
2026-02-05 00:05:47,"Neutral opinion on #Startup, wait and see.",Neutral,0.0,#Startup
2026-02-05 00:05:50,"Neutral opinion on #Python, wait and see.",Neutral,0.0,#Python
2026-02-05 00:05:51,Why is #AI so popular? I don't get the hype.,Positive,0.5598,#AI
2026-02-05 00:05:53,#AI is failing hard today. Terrible performance.,Negative,-0.7783,#AI
2026-02-05 00:05:55,Excited for the new #Tech update!,Positive,0.4003,#Tech
2026-02-05 00:05:58,#Tech broken again. Please fix it.,Negative,-0.2023,#Tech
2026-02-05 00:06:00,I love usage of #Startup! It's amazing.,Positive,0.8516,#Startup
